F1_measure,Accuracy,dataset
HDFS,1.0,1.0
Hadoop,0.9999010594713346,0.992
Spark,0.9999783365204907,0.9965
Zookeeper,0.9997630991234667,0.9845
BGL,0.9998312258198531,0.9695
HPC,0.9922450433093963,0.9095
Thunderbird,0.9999801446265403,0.992
Windows,1.0,1.0
Linux,0.9899428582875515,0.869
Andriod,0.9958153861257347,0.9535
HealthApp,0.9934289916057107,0.901
Apache,1.0,1.0
Proxifier,0.9999795266449649,0.99
OpenSSH,1.0,1.0
OpenStack,1.0,1.0
Mac,0.9760490383456446,0.84
