,BGL10k,Spark100k,Spark1k,HDFS100k,Spark1m,HDFS10k,Spark10k,HDFS1m,HDFS1k,BGL100k,BGL1k,BGL1m
F1_measure,0.999994449878,0.994024908833,0.992233087049,0.999999857099,0.995753376325,0.999999708079,0.997118472392,0.99999874857,0.999981913002,0.999952494004,1.0,0.992525163893
Accuracy,0.99599959996,0.959997199804,0.959718026183,0.99884,0.967486342611,0.9992,0.97198038627,0.804737,0.992,0.986349863499,1.0,0.882158882159
time,0.0,58.0,0.0,11.0,5036.0,1.0,1.0,127.0,0.0,8.0,0.0,120.0
