dataset,F1_measure,Accuracy
HDFS_all,0.9999999609294067,0.9996708015271445
