,BGL10k,Spark100k,Spark1k,HDFS100k,Spark1m,HDFS10k,Spark10k,HDFS1m,HDFS1k,BGL100k,BGL1k,BGL1m
F1_measure,1.0,1.0,1.0,0.999999857099,1.0,0.999999708079,1.0,0.9999987486,0.999981913002,0.999956101064,1.0,0.992865226373
Accuracy,1.0,1.0,1.0,0.99884,1.0,0.9992,1.0,0.804737,0.992,0.991809918099,1.0,0.886620886621
time,0.186524,0.027275,0.144481,0.674401,0.803837,0.485502,0.485522,0.278943,0.338776,0.366706,0.142949,0.410528
