,BGL10k,Spark100k,Spark1k,HDFS100k,Spark1m,HDFS10k,Spark10k,HDFS1m,HDFS1k,BGL100k,BGL1k,BGL1m
F1_measure,1.0,1.0,1.0,0.99999059803,1.0,0.999920798291,1.0,0.999086348222,0.996323882749,0.999952853346,1.0,0.980347894105
Accuracy,1.0,1.0,1.0,0.99482,1.0,0.9589,1.0,0.765541,0.69,0.986339863399,1.0,0.789420789421
