,BGL10k,Spark100k,Spark1k,HDFS100k,HDFS41m,Spark1m,HDFS10k,Spark10k,HDFS1k,BGL100k,BGL1k,BGL1m
F1_measure,0.730767119367,0.917978604284,0.894950046405,0.960601247054,0.935292349071,0.877486550363,0.993176066498,0.927088856313,0.9989679958,0.999840701876,1.0,0.986344987589
Accuracy,0.48704870487,0.488244177092,0.623363544814,0.45837,0.391126,0.459415359611,0.5897,0.478534974482,0.938,0.960599605996,1.0,0.64002964003
