,BGL10k,BGL1mk,Spark1k,HDFS100k,Spark1m,HDFs1m,HDFS10k,Spark10k,Spark100k,HDFS1k,BGL100k,BGL1k
F1_measure,0.999769661521,0.994897168888,0.992233087049,0.999995110042,0.995753376325,0.986641908445,0.999920798291,0.997118472392,0.994024908833,0.996323882749,0.999851803869,1.0
Accuracy,0.98499849985,0.783412783413,0.959718026183,0.99504,0.967486342611,0.897753,0.9589,0.97198038627,0.959997199804,0.69,0.970909709097,1.0
time,1.0,157.0,0.0,17.0,3384.0,291.0,2.0,2.0,73.0,0.0,15.0,0.0
